01954cb8-2cbd-73a2-9d69-ff49b37e3b73,1,Bacchisio,Rizzo,female,1970-06-11,voluptatem,"Piazza Barbieri 4 Piano 6
Pasquale umbro, 59778 Rieti (BG)",quam,2020-08-08,cdamico@example.org,+55 66 00614866,39,60,illo,ipsa,optio,omnis,2025-02-28 13:21:33,2025-02-28 13:21:33
01954cb8-2cc4-72b5-8534-ceb8253dde79,1,Gianleonardo,Martino,male,1941-12-13,quia,"Borgo Rizzi 5 Piano 1
Orfeo lido, 62921 Rovigo (MO)",vero,2021-10-24,antonina90@example.com,+26 47 0505662,20,29,aliquid,ut,eum,tempore,2025-02-28 13:21:33,2025-02-28 13:21:33
01954cb8-2cc8-7256-8a5b-b257b8656b90,1,Chiara,Marini,female,1930-04-13,expedita,"Rotonda Danuta 467 Appartamento 63
Ilario del friuli, 52690 Pesaro e Urbino (CA)",ratione,2023-11-05,giordano81@example.net,+89 05 7004839,95,93,a,officia,aliquid,culpa,2025-02-28 13:21:33,2025-02-28 13:21:33
01954cb8-2ccc-7250-96f7-1ae59a55ef9c,1,Morgana,Vitale,other,1996-08-09,officia,"Via Gabriella 9 Appartamento 83
Settimo Teresa del friuli, 55258 Palermo (PU)",quisquam,2018-03-07,santo.moretti@example.org,324 647 861,7,59,deleniti,omnis,dolore,quos,2025-02-28 13:21:33,2025-02-28 13:21:33
01954cb8-2cd0-72c5-b34a-0898af7c5ae7,1,Ausonio,Colombo,female,1969-07-31,excepturi,"Strada Giuliana 83
Caputo umbro, 62626 Cosenza (SI)",voluptate,2022-12-07,marieva.rizzo@example.net,+14 5989 49708708,35,9,vel,qui,voluptates,officia,2025-02-28 13:21:33,2025-02-28 13:21:33
01954cb8-2cd4-7026-a6aa-3a6851d5579e,1,Aaron,Longo,other,1933-09-24,non,"Contrada Timothy 618
Parisi veneto, 08465 Sondrio (CN)",non,2020-07-22,jconte@example.net,+03 096 54037615,37,95,voluptas,eos,voluptas,corrupti,2025-02-28 13:21:33,2025-02-28 13:21:33
01954cb8-2cd8-7305-a48d-83097e2d089a,1,Ortensia,Grassi,female,1986-05-25,eaque,"Borgo Gennaro 12
Colombo salentino, 72715 Mantova (SR)",sit,2018-10-27,giuliano.damico@example.com,+77 7885 9198396,6,6,sed,animi,quia,voluptatem,2025-02-28 13:21:33,2025-02-28 13:21:33
01954cb8-2cdc-700b-8f3b-0cf326b244c7,1,Sarita,Battaglia,other,1964-01-03,rem,"Contrada Laura 755 Piano 8
Borgo Pacifico, 12376 Caltanissetta (BO)",vero,2023-03-06,negri.ileana@example.org,+92 604 71 83 6486,96,7,blanditiis,sit,rerum,vero,2025-02-28 13:21:33,2025-02-28 13:21:33
01954cb8-2ce0-7254-87bf-1ff0d8aa5dd2,1,Cesare,Longo,female,1973-10-29,voluptatibus,"Via Noemi 7 Piano 1
Pagano nell'emilia, 15836 Pisa (IM)",quam,2023-11-05,carla.martino@example.org,+39 302 760 487,9,50,velit,culpa,accusamus,aut,2025-02-28 13:21:33,2025-02-28 13:21:33
01954cb8-2ce4-7200-979a-654bfaf0e26f,1,Olo,Santoro,female,1946-01-10,quos,"Rotonda Dindo 137
Silverio ligure, 66947 Cagliari (FE)",quidem,2021-11-18,acostantini@example.net,+52 8990 0955429,11,73,quia,deserunt,quam,dolorem,2025-02-28 13:21:33,2025-02-28 13:21:33
01954cb8-2ce8-705f-830b-e0ca78d50b8b,1,Graziella,Messina,male,1948-06-16,enim,"Borgo Gallo 132 Piano 9
Sesto Maurizio laziale, 52192 Massa-Carrara (PV)",tempora,2022-08-04,donatella25@example.org,+58 61 88827084,56,86,nisi,et,molestiae,voluptatem,2025-02-28 13:21:33,2025-02-28 13:21:33
01954cb8-2cec-7053-9d01-09eb0e3864fc,1,Sirio,Barone,male,2003-11-30,sunt,"Rotonda Gregorio 3 Appartamento 46
Sala nell'emilia, 43737 Monza e della Brianza (AO)",quis,2020-03-18,edvige69@example.net,+72 132 49343927,56,7,esse,odio,debitis,aut,2025-02-28 13:21:33,2025-02-28 13:21:33
01954cb8-2cf0-7032-b6cd-e302c0461d60,1,Fatima,Giuliani,other,1976-07-01,at,"Contrada Marieva 45 Piano 7
Alfredo terme, 57738 Rovigo (ME)",et,2018-01-11,emilio81@example.org,052 415 7822,84,70,optio,earum,dolorem,soluta,2025-02-28 13:21:33,2025-02-28 13:21:33
01954cb8-2cf4-7398-81bb-b25af431621b,1,Eliziario,Pellegrino,other,1966-05-31,qui,"Borgo Mario 8 Piano 9
Piero salentino, 66723 Sud Sardegna (GE)",quam,2019-10-22,marino.mariani@example.org,+94 965 20 59 3244,23,16,laboriosam,in,hic,accusamus,2025-02-28 13:21:33,2025-02-28 13:21:33
01954cb8-2cf8-7103-bc8d-d2cefdbcb7a0,1,Fiorenzo,Piras,other,1945-06-16,excepturi,"Strada Montanari 220
Serra veneto, 55822 Crotone (BR)",alias,2024-09-08,sandra42@example.org,+42 9962 3367578,46,9,sed,dolorem,sint,sed,2025-02-28 13:21:33,2025-02-28 13:21:33
01954cb8-2cfc-7302-974a-f09185ad7f48,1,Sonia,Lombardo,other,1972-02-10,qui,"Borgo Farina 291 Piano 9
Sesto Piersilvio, 76156 Nuoro (PN)",sed,2024-03-23,palmieri.lucia@example.org,+23 35 80786955,78,38,amet,iure,et,quae,2025-02-28 13:21:33,2025-02-28 13:21:33
01954cb8-2d00-73cf-9a03-2f09854f99e9,1,Aaron,D'angelo,other,1997-11-29,nisi,"Rotonda D'amico 6
Settimo Mauro salentino, 17906 Novara (GO)",nesciunt,2020-03-22,sasha.monti@example.com,051 510 9355,29,9,omnis,non,dolore,culpa,2025-02-28 13:21:33,2025-02-28 13:21:33
01954cb8-2d04-7280-964c-5ad812b4916a,1,Bruna,Costantini,male,1954-06-30,possimus,"Piazza Milani 749 Appartamento 69
Matilde a mare, 09414 Venezia (AT)",placeat,2018-11-16,barbieri.oreste@example.net,+01 820 62 24 2908,21,11,praesentium,et,cumque,rem,2025-02-28 13:21:33,2025-02-28 13:21:33
01954cb8-2d08-733c-b155-af4c36963b89,1,Loretta,Giordano,other,1999-03-19,tempora,"Incrocio Carmine 2
D'angelo sardo, 30837 Terni (LE)",velit,2020-10-14,shaira67@example.net,+63 66 3646404,7,32,sit,qui,consequatur,est,2025-02-28 13:21:33,2025-02-28 13:21:33
01954cb8-2d0c-73b0-b944-9276088d774b,1,Timoteo,Farina,female,1937-09-27,consectetur,"Contrada Bianco 604
Violante umbro, 44108 Ravenna (MC)",nam,2022-04-20,kneri@example.org,+51 648 96624495,83,3,quas,ea,quia,ea,2025-02-28 13:21:33,2025-02-28 13:21:33
01954cb8-2d10-7209-ada6-0078da314cb5,1,Ursula,Orlando,male,1960-09-21,enim,"Borgo Messina 33
Ferri veneto, 41061 Torino (LT)",nesciunt,2023-10-31,pmarini@example.org,+39 353 623 697,80,69,ut,quia,fugiat,rerum,2025-02-28 13:21:33,2025-02-28 13:21:33
01954cb8-2d14-71b4-bd57-3c71532c3c08,1,Andrea,Rossetti,male,1960-07-19,unde,"Piazza Simona 472
Sesto Manfredi salentino, 85099 Trapani (AG)",esse,2024-03-24,zaccaria10@example.com,325 614 283,46,54,aut,sint,vel,corporis,2025-02-28 13:21:33,2025-02-28 13:21:33
01954cb8-2d18-7013-a075-8e25156ff60b,1,Maristella,Gatti,female,1929-06-18,ipsa,"Piazza Marvin 1 Piano 6
Graziella veneto, 58742 Reggio Emilia (BN)",soluta,2018-02-12,derosa.loretta@example.com,+39 047 486 518,20,49,ipsa,id,nihil,ab,2025-02-28 13:21:33,2025-02-28 13:21:33
01954cb8-2d1f-71ed-be0f-57e2b51d813a,1,Boris,Rossi,other,1964-11-13,nobis,"Incrocio Annunziata 11 Appartamento 69
Quarto Violante del friuli, 73746 Catania (AT)",velit,2020-01-07,terzo08@example.com,+20 337 06499300,65,2,amet,magni,doloribus,placeat,2025-02-28 13:21:33,2025-02-28 13:21:33
01954cb8-2d23-7181-a2a8-0ec3fde401e6,1,Bibiana,Morelli,male,1932-02-04,sint,"Strada Violante 89 Piano 3
San Lia, 21348 Udine (SR)",sunt,2017-06-04,gianluca97@example.org,+10 816 7593109,77,54,consectetur,voluptatem,amet,velit,2025-02-28 13:21:33,2025-02-28 13:21:33
01954cb8-2d27-7254-a028-9691dc8c2d1d,1,Edvige,Messina,male,1936-10-24,ab,"Strada Elisabetta 91
Settimo Giuseppina, 21318 Livorno (AV)",tenetur,2023-09-05,xferraro@example.com,+39 346 262 490,92,38,ea,consequatur,aut,repudiandae,2025-02-28 13:21:33,2025-02-28 13:21:33
01954cb8-2d2b-7331-831e-a0b36cd149a2,1,Mattia,Santoro,male,1956-09-22,vero,"Borgo Santoro 15 Piano 7
San Renata lido, 80912 Arezzo (PD)",rerum,2019-01-14,yrizzi@example.net,049 872 0733,7,15,quis,ab,aut,est,2025-02-28 13:21:33,2025-02-28 13:21:33
01954cb8-2d2f-73d1-a9e2-6ee672cd88ee,1,Mercedes,Longo,female,1960-01-18,vero,"Borgo Gabriele 25 Appartamento 86
Fabbri umbro, 69899 Massa-Carrara (SR)",quisquam,2024-07-13,giordano.xavier@example.net,+15 51 19106848,78,12,quia,consectetur,saepe,totam,2025-02-28 13:21:33,2025-02-28 13:21:33
01954cb8-2d32-7110-9184-f474f127634d,1,Nicola,Bernardi,male,1947-06-12,sed,"Borgo Neri 634
Quarto Mariagiulia, 60554 Terni (BR)",veniam,2015-10-25,folco36@example.org,+27 1077 72884408,8,21,iste,voluptatem,aliquam,quod,2025-02-28 13:21:33,2025-02-28 13:21:33
01954cb8-2d36-7208-b835-d4933808a122,1,Bruno,Ricci,other,2005-07-15,sint,"Via Greco 3
Borgo Teseo, 55108 Ragusa (VR)",at,2021-10-01,kmariani@example.com,+74 290 87132630,8,81,aut,est,quis,voluptas,2025-02-28 13:21:33,2025-02-28 13:21:33
01954cb8-2d3a-7207-b811-fc7264ebb6a4,1,Carmelo,Valentini,female,1932-09-03,dicta,"Via D'amico 79 Appartamento 05
Leone del friuli, 22517 Siracusa (SU)",non,2020-01-04,zbasile@example.org,+39 042 708 352,74,21,in,cum,aspernatur,ut,2025-02-28 13:21:33,2025-02-28 13:21:33
01954cb8-2d3e-721f-8db8-89def312c507,1,Raoul,Villa,female,1955-11-17,reiciendis,"Incrocio Silvia 127
Bianchi umbro, 49626 Barletta-Andria-Trani (MN)",consectetur,2023-04-18,desantis.vienna@example.org,+43 37 0121394,66,96,inventore,et,nesciunt,ut,2025-02-28 13:21:33,2025-02-28 13:21:33
01954cb8-2d42-7085-b700-9077501e6c8d,1,Nestore,Donati,other,1989-02-02,numquam,"Via Palmieri 5
San Isira a mare, 29701 Parma (CS)",non,2020-07-22,jcaruso@example.com,+46 3292 0978697,36,60,sapiente,omnis,ipsa,molestias,2025-02-28 13:21:33,2025-02-28 13:21:33
01954cb8-2d46-7222-a939-c73bc2da79cc,1,Mietta,Battaglia,male,1925-04-22,aspernatur,"Rotonda Galli 9
San Annunziata, 85668 Lecco (BT)",dicta,2023-09-26,trossi@example.org,+67 1921 7746938,50,4,vitae,eveniet,autem,dolores,2025-02-28 13:21:33,2025-02-28 13:21:33
01954cb8-2d4a-726f-bd0f-b509f1ff291e,1,Eufemia,Costantini,female,1993-04-19,libero,"Borgo Parisi 2
Franca salentino, 19854 Mantova (NA)",aut,2019-05-29,neri.pagano@example.org,+49 304 2708376,53,40,reiciendis,voluptate,repudiandae,ut,2025-02-28 13:21:33,2025-02-28 13:21:33
01954cb8-2d4e-7177-8d8d-4a0d8b80fc7c,1,Marcello,Mancini,other,1957-05-13,et,"Borgo Mazza 3
Settimo Liborio, 86999 Pisa (TA)",minus,2019-01-21,pellegrini.sonia@example.org,+55 87 7166726,10,80,rem,deleniti,fugit,aperiam,2025-02-28 13:21:33,2025-02-28 13:21:33
01954cb8-2d52-733c-a6c0-99cf10db430d,1,Adriano,Farina,female,1979-12-14,rerum,"Contrada Diana 133
Vitale a mare, 55026 Cremona (PZ)",asperiores,2021-10-29,carmelo75@example.net,+05 398 6533375,68,85,dolor,hic,et,vero,2025-02-28 13:21:33,2025-02-28 13:21:33
01954cb8-2d56-7256-bcf2-336a47913928,1,Matilde,Lombardo,female,1999-02-26,error,"Contrada Martino 7
Piras calabro, 60415 Pistoia (RG)",hic,2021-01-05,silverio86@example.com,316 552 609,92,20,dicta,commodi,rem,voluptas,2025-02-28 13:21:33,2025-02-28 13:21:33
01954cb8-2d5a-709c-be82-7da140b55298,1,Edvige,Ferrara,female,1966-01-16,et,"Borgo D'amico 31 Piano 1
Conti veneto, 02968 Massa-Carrara (TE)",inventore,2016-06-23,cinzia.messina@example.com,+63 708 9611549,77,76,nihil,amet,sequi,sint,2025-02-28 13:21:33,2025-02-28 13:21:33
01954cb8-2d5e-702b-b04d-b83e40748e00,1,Jelena,Mazza,female,1938-02-11,et,"Incrocio De luca 200
Sesto Liliana, 84676 Rimini (SI)",quaerat,2023-10-25,maddalena45@example.org,+65 468 1074049,29,22,est,illo,adipisci,totam,2025-02-28 13:21:33,2025-02-28 13:21:33
01954cb8-2d62-71e6-9c58-106fc5494f45,1,Giuliano,Esposito,male,1933-06-22,est,"Strada Marino 994 Piano 7
Borgo Rosalba, 02661 Salerno (NA)",numquam,2017-12-23,cleros.martinelli@example.net,376 722 354,65,3,laborum,molestiae,nihil,autem,2025-02-28 13:21:33,2025-02-28 13:21:33
01954cb8-2d66-71fd-b4f3-f602555f632d,1,Annamaria,Caputo,other,1983-12-08,dicta,"Incrocio Pagano 180 Appartamento 90
Artemide veneto, 73782 Taranto (PA)",suscipit,2017-05-28,greco.corrado@example.net,+98 8805 9358396,48,74,libero,quidem,quo,ut,2025-02-28 13:21:33,2025-02-28 13:21:33
01954cb8-2d6a-735b-9ec3-ede21ebe5793,1,Elsa,Ferraro,other,1934-11-29,possimus,"Contrada Mariagiulia 82
Ferraro salentino, 72803 Torino (CE)",voluptatem,2025-02-20,ferrara.kristel@example.net,+67 6405 43333810,1,30,iure,soluta,aut,atque,2025-02-28 13:21:33,2025-02-28 13:21:33
01954cb8-2d6e-70c0-9af4-98aa9cdcb216,1,Paola,Carbone,female,1952-12-21,velit,"Rotonda Esposito 66
De luca laziale, 81881 Cagliari (CE)",provident,2019-02-17,carbone.anna@example.net,+61 97 35806848,72,85,expedita,quos,qui,corrupti,2025-02-28 13:21:33,2025-02-28 13:21:33
01954cb8-2d72-70a0-bbb1-6af59cd20370,1,Gabriele,Testa,male,2002-10-23,impedit,"Contrada Rizzo 14
Settimo Rosita, 28799 Caltanissetta (MS)",est,2022-06-14,jsilvestri@example.com,+45 641 49 80 6114,11,1,ut,est,quasi,tempora,2025-02-28 13:21:33,2025-02-28 13:21:33
01954cb8-2d76-734a-8972-e3e3afa47c42,1,Yago,Rinaldi,other,1975-12-05,et,"Borgo Testa 897 Piano 0
Tiziana ligure, 30330 Padova (PI)",sit,2022-05-20,arcibaldo.palmieri@example.net,+71 8265 28071790,8,76,id,labore,doloremque,error,2025-02-28 13:21:33,2025-02-28 13:21:33
01954cb8-2d79-70ec-9b09-5314ce2ea320,1,Ingrid,Parisi,other,1992-03-01,quibusdam,"Via Bianchi 32 Piano 8
Enrico nell'emilia, 30520 Sassari (PE)",aut,2020-10-06,giacobbe00@example.net,047 571 3846,21,8,aut,laboriosam,est,soluta,2025-02-28 13:21:33,2025-02-28 13:21:33
01954cb8-2d7d-715b-a719-c168c98f34bc,1,Gianni,Donati,other,1945-04-17,ipsum,"Contrada De luca 77
Bruno terme, 97322 Como (MT)",est,2021-04-04,umberto.desantis@example.net,+13 76 92321628,59,27,voluptas,sapiente,et,tenetur,2025-02-28 13:21:33,2025-02-28 13:21:33
01954cb8-2d81-73f6-998a-5540833f28f6,1,Monica,Silvestri,other,1956-08-24,provident,"Contrada Alessandro 91 Appartamento 71
Quarto Silvano, 14494 Barletta-Andria-Trani (FR)",maiores,2015-05-24,fausto.grassi@example.org,+00 7347 58639926,47,23,eos,repudiandae,incidunt,repudiandae,2025-02-28 13:21:33,2025-02-28 13:21:33
01954cb8-2d85-7047-b417-f300d90f8946,1,Dario,Rizzo,female,1996-11-12,eligendi,"Rotonda Riva 573 Piano 2
Bruno lido, 52830 Ascoli Piceno (TR)",voluptatem,2016-05-26,ffabbri@example.net,+64 748 58 90 0401,99,43,architecto,incidunt,tenetur,sunt,2025-02-28 13:21:33,2025-02-28 13:21:33
01954cb8-2d89-73b8-acdf-4d5f919c897f,1,Graziano,Greco,female,1948-07-16,et,"Contrada De luca 747 Appartamento 48
Settimo Michael sardo, 35800 Asti (TP)",ut,2016-03-03,gcosta@example.net,+35 291 93112854,8,58,dignissimos,harum,aut,voluptatibus,2025-02-28 13:21:33,2025-02-28 13:21:33
01954cb8-2d92-700b-bc58-0d1803271fbb,1,Vincenzo,Bellini,other,1993-05-27,facere,"Incrocio Damico 86 Piano 2
Rosalia ligure, 92321 Pistoia (TO)",est,2022-03-16,jdonati@example.org,+76 71 3877206,32,68,odit,dolores,aut,quia,2025-02-28 13:21:33,2025-02-28 13:21:33
01954cb8-2d96-70eb-a362-63ab4951e946,1,Patrizio,Costa,other,1932-04-12,dolorem,"Piazza Pagano 170 Piano 3
Quarto Sabino, 20186 Terni (RI)",sed,2022-08-30,bortolo40@example.net,+39 045 570 863,4,48,animi,vero,non,tempora,2025-02-28 13:21:33,2025-02-28 13:21:33
01954cb8-2d9b-7283-b608-c222d7336f90,1,Pietro,Negri,other,1925-11-04,eos,"Strada Basile 26 Appartamento 82
Martinelli del friuli, 19558 Cosenza (NO)",qui,2023-09-02,max.caputo@example.net,+16 373 82634886,74,61,sunt,consequatur,maiores,itaque,2025-02-28 13:21:33,2025-02-28 13:21:33
01954cb8-2d9f-71ce-b71f-d4a142096096,1,Morgana,Martino,female,1946-06-18,eum,"Contrada Barone 2 Piano 8
Sanna nell'emilia, 04360 Vibo Valentia (ME)",dicta,2018-12-06,mariani.stefano@example.net,+21 44 9188612,12,18,cumque,sit,illo,nobis,2025-02-28 13:21:33,2025-02-28 13:21:33
01954cb8-2da3-70b3-8458-2bedb2294895,1,Silvia,Ruggiero,other,1925-05-17,laborum,"Piazza Giuliani 5
San Annalisa, 35361 Caserta (CN)",esse,2015-04-26,gatti.ione@example.org,+88 7620 65423132,43,56,possimus,magni,non,fugit,2025-02-28 13:21:33,2025-02-28 13:21:33
01954cb8-2da7-70c2-8b04-05906106e1fe,1,Laura,Pellegrini,female,1971-03-18,maiores,"Piazza D'amico 34
Barbieri salentino, 77962 Cuneo (UD)",ut,2017-01-24,neri.riccardo@example.com,395 572 471,38,70,rerum,amet,quia,expedita,2025-02-28 13:21:33,2025-02-28 13:21:33
01954cb8-2dae-72bc-bf56-8e6737dbcba9,1,Orfeo,Costa,female,1949-12-18,nihil,"Piazza Verdi 41
Romano laziale, 63728 Pistoia (FI)",quo,2022-10-19,costa.silvana@example.net,+27 53 15935179,70,90,reiciendis,fuga,aut,ad,2025-02-28 13:21:33,2025-02-28 13:21:33
01954cb8-2db2-716c-9e54-13ef7ec791d2,1,Timothy,Ferretti,male,1946-10-12,maxime,"Piazza Corrado 22
San Danthon, 98294 Bergamo (TR)",cum,2024-01-23,arcibaldo94@example.net,+05 249 31108113,41,12,possimus,saepe,incidunt,eligendi,2025-02-28 13:21:33,2025-02-28 13:21:33
01954cb8-2db6-73df-9c1b-1fa43a0e4a7d,1,Silvio,Vitali,male,1976-03-13,dolore,"Piazza De Angelis 6
Settimo Danny del friuli, 32538 Caltanissetta (SP)",dignissimos,2019-05-14,cosimo11@example.net,+39 342 133 212,94,61,non,totam,commodi,ad,2025-02-28 13:21:33,2025-02-28 13:21:33
01954cb8-2dba-72b6-8a51-3aed8e73005e,1,Felice,Orlando,other,1926-05-01,officia,"Strada Massimiliano 5 Piano 4
Giuliani del friuli, 28814 Nuoro (SP)",quisquam,2022-10-26,kvalentini@example.org,+86 9420 3849371,51,23,corrupti,optio,qui,sunt,2025-02-28 13:21:33,2025-02-28 13:21:33
01954cb8-2dbe-705b-bfcc-b8ef79ba8268,1,Eleonora,Lombardi,male,1984-12-14,eius,"Contrada Graziano 74
Lia lido, 08711 Massa-Carrara (TA)",ut,2021-02-06,giovanni26@example.net,+69 020 62 33 4597,35,63,reiciendis,sint,quis,non,2025-02-28 13:21:33,2025-02-28 13:21:33
01954cb8-2dc2-7217-ab00-6f30a4888e4f,1,Neri,Ricci,other,1994-12-09,rerum,"Piazza Ruggiero 687 Piano 0
Settimo Lorenzo lido, 61510 Venezia (BT)",sed,2018-02-24,jriva@example.com,+13 319 2156165,20,19,repellendus,qui,doloribus,dolore,2025-02-28 13:21:33,2025-02-28 13:21:33
01954cb8-2dc6-72a6-8e88-46840139c5ed,1,Elio,Silvestri,male,1943-12-17,inventore,"Incrocio Esposito 8
Borgo Dario calabro, 64469 Ancona (CA)",blanditiis,2017-12-10,veronica58@example.com,+43 81 5321968,52,79,aut,totam,ut,aliquid,2025-02-28 13:21:33,2025-02-28 13:21:33
01954cb8-2dcc-7353-b242-28e6f1aad80b,1,Sarita,Gatti,female,1947-10-03,et,"Strada Longo 3 Piano 4
Borgo Patrizia, 97374 Piacenza (SV)",dolorem,2016-07-24,elisa.gentile@example.com,+91 9124 21037371,58,32,eaque,optio,necessitatibus,corrupti,2025-02-28 13:21:33,2025-02-28 13:21:33
01954cb8-2dd0-70ae-a1bd-430d439662d1,1,Davis,Verdi,other,1927-09-10,aut,"Strada Joey 609
Pagano terme, 20918 Padova (PI)",recusandae,2019-11-09,qmancini@example.net,053 505 6695,5,72,delectus,consequatur,doloribus,nemo,2025-02-28 13:21:33,2025-02-28 13:21:33
01954cb8-2dd5-70d2-92db-cf626c7be90c,1,Diamante,Martino,male,1959-06-24,saepe,"Piazza Pierfrancesco 2
Timoteo terme, 94840 Ferrara (PE)",laboriosam,2015-07-15,pellegrini.sarah@example.com,+39 370 534 783,90,78,mollitia,enim,voluptas,laboriosam,2025-02-28 13:21:33,2025-02-28 13:21:33
01954cb8-2dd8-7357-be33-533f22e2dd0a,1,Dante,Barbieri,male,1976-08-20,ut,"Strada De rosa 2
De rosa a mare, 58546 Mantova (TN)",consectetur,2016-10-05,zferri@example.org,+04 60 85560784,6,52,voluptatum,perspiciatis,magnam,minus,2025-02-28 13:21:33,2025-02-28 13:21:33
01954cb8-2ddc-712f-84a9-82154fa6002c,1,Rosa,Piras,male,2001-06-08,at,"Strada Palumbo 3
Negri umbro, 04790 Campobasso (LT)",quaerat,2015-07-03,davis66@example.com,009 062 3716,3,35,culpa,eum,est,molestias,2025-02-28 13:21:33,2025-02-28 13:21:33
01954cb8-2de0-72f6-9ae5-07a033f90468,1,Antonia,Russo,male,1927-01-20,libero,"Via Jari 33
Settimo Gioacchino sardo, 31711 Bari (NO)",ut,2015-07-22,kai.mazza@example.net,+39 028 949 834,62,19,explicabo,similique,non,qui,2025-02-28 13:21:33,2025-02-28 13:21:33
01954cb8-2de4-7035-b023-7713c75208fa,1,Emidio,Riva,other,1980-04-13,ut,"Via Benedetti 5
Fatima del friuli, 39924 L'Aquila (CB)",nemo,2017-08-27,xmazza@example.net,+06 6256 9339315,44,11,a,sed,quasi,laborum,2025-02-28 13:21:33,2025-02-28 13:21:33
01954cb8-2de8-71a6-b55f-10b1fac41566,1,Renato,Mariani,male,1966-08-05,fugiat,"Rotonda Martini 791 Appartamento 29
Caterina ligure, 71029 Monza e della Brianza (AQ)",dolorem,2022-12-04,leone.michelle@example.com,339 965 087,36,45,odio,voluptatem,aut,sit,2025-02-28 13:21:33,2025-02-28 13:21:33
01954cb8-2dec-7334-930e-453332aa080d,1,Deborah,Sartori,other,1927-09-20,laboriosam,"Rotonda Silvestri 9
Mirco terme, 86074 Cremona (MI)",delectus,2023-04-23,orlando.eusebio@example.org,+57 6503 2021450,34,66,corporis,quis,omnis,accusantium,2025-02-28 13:21:33,2025-02-28 13:21:33
01954cb8-2df0-7175-bed1-857342b89893,1,Lorenzo,Ferraro,female,1973-10-10,pariatur,"Incrocio Romeo 35 Appartamento 69
Borgo Clea, 46137 Catania (GO)",voluptas,2015-06-11,leone.angela@example.com,+80 94 61583901,47,11,deserunt,sed,sequi,voluptate,2025-02-28 13:21:33,2025-02-28 13:21:33
01954cb8-2df4-7000-8f70-2f460542ce91,1,Sandra,Martini,male,1953-09-04,eum,"Via Liborio 4
Settimo Eliziario, 40978 Bari (LU)",unde,2015-05-05,zrossetti@example.com,+53 353 25 40 7031,55,91,laboriosam,ea,officiis,culpa,2025-02-28 13:21:33,2025-02-28 13:21:33
01954cb8-2df8-70e3-9347-e2b5d79e63dc,1,Mirko,Sanna,female,1933-07-14,et,"Borgo Ortensia 33
Quarto Maddalena, 14468 Catanzaro (PE)",et,2019-10-04,edipo74@example.net,+31 099 3259250,34,38,officia,ea,enim,iste,2025-02-28 13:21:33,2025-02-28 13:21:33
01954cb8-2dfc-71cb-ba37-01a8f602ea6c,1,Sergio,Fiore,female,1953-06-15,commodi,"Incrocio Rossetti 723
Borgo Sarah, 44703 Palermo (CL)",nisi,2020-10-20,ibianco@example.com,+39 007 037 538,96,41,culpa,exercitationem,ut,culpa,2025-02-28 13:21:33,2025-02-28 13:21:33
01954cb8-2e00-70b1-bc9a-02cd269b39d7,1,Rocco,Bruno,other,1986-06-26,porro,"Rotonda Leone 39 Piano 3
Monica sardo, 92704 Pisa (TP)",consequatur,2022-11-22,sabatino65@example.com,+39 013 690 347,72,94,quo,rerum,inventore,voluptas,2025-02-28 13:21:33,2025-02-28 13:21:33
01954cb8-2e04-7107-89ce-01fd6fe3f293,1,Eusebio,Rossi,male,1930-10-27,hic,"Borgo Ivana 6 Appartamento 18
Armando calabro, 02632 Ferrara (IM)",nam,2022-04-05,udamico@example.net,+34 12 54159474,55,64,alias,ut,odio,rerum,2025-02-28 13:21:33,2025-02-28 13:21:33
01954cb8-2e08-7043-96d9-83ce83d68229,1,Vitalba,Conti,male,1961-06-03,sed,"Borgo Negri 8 Piano 9
Borgo Emanuel, 73089 Cosenza (RA)",ut,2021-03-26,ppagano@example.org,+26 58 79044590,10,54,voluptatibus,soluta,officiis,sed,2025-02-28 13:21:33,2025-02-28 13:21:33
01954cb8-2e0c-72a6-b4c5-42ca386a1a2d,1,Gerlando,Sartori,female,1949-12-09,ratione,"Rotonda Tommaso 47
Rossi nell'emilia, 69572 Firenze (VI)",beatae,2017-04-17,qlombardo@example.net,+76 1766 90060997,96,18,facere,facere,atque,repellat,2025-02-28 13:21:33,2025-02-28 13:21:33
01954cb8-2e10-710d-bbae-ab2ae4079546,1,Giulietta,Battaglia,male,1981-05-13,corporis,"Borgo Farina 5 Appartamento 95
Battaglia del friuli, 43612 Sassari (CE)",nam,2017-05-01,cattaneo.annalisa@example.org,384 999 233,46,49,nesciunt,ex,debitis,qui,2025-02-28 13:21:33,2025-02-28 13:21:33
01954cb8-2e14-7310-b22d-2c5faac7dc0c,1,Demis,Vitale,other,1993-09-17,magni,"Contrada Costanzo 466
Rinaldi terme, 47452 Savona (LC)",natus,2016-01-21,raoul.battaglia@example.org,045 060 5505,68,72,modi,aperiam,aspernatur,et,2025-02-28 13:21:33,2025-02-28 13:21:33
01954cb8-2e18-723c-bbd2-41bdc5f4f4b0,1,Mirko,Sartori,female,1933-03-07,sint,"Via Marino 953 Piano 1
Bellini sardo, 68193 L'Aquila (PA)",non,2023-09-14,marino.manuela@example.net,+28 1942 9349980,44,26,enim,expedita,et,quis,2025-02-28 13:21:33,2025-02-28 13:21:33
01954cb8-2e1c-735a-9791-612ae4ce516b,1,Bruna,Costantini,other,1964-07-08,atque,"Via Gavino 3 Appartamento 57
Franco lido, 19269 Caserta (PT)",autem,2015-05-22,jpiras@example.org,+39 089 002 583,89,57,dicta,necessitatibus,odio,asperiores,2025-02-28 13:21:33,2025-02-28 13:21:33
01954cb8-2e20-7077-9d11-c4631e88f48b,1,Jelena,Barbieri,female,1963-04-03,molestiae,"Strada D'angelo 9 Appartamento 23
Vittorio del friuli, 41755 Udine (TE)",officiis,2022-05-14,tazio.grasso@example.org,+39 360 195 123,2,30,quam,corrupti,non,rem,2025-02-28 13:21:33,2025-02-28 13:21:33
01954cb8-2e24-71fa-b57e-d929a5dea4fa,1,Emilio,Lombardo,other,1997-02-28,illo,"Incrocio Sorrentino 67
Sesto Patrizia, 67301 Palermo (MT)",maxime,2019-05-06,agallo@example.com,066 970 8584,69,17,quia,nisi,nisi,rerum,2025-02-28 13:21:33,2025-02-28 13:21:33
01954cb8-2e28-72ca-8162-b1a7d361e0c2,1,Luciana,Russo,male,1973-08-12,sed,"Piazza Bianco 8 Appartamento 27
Lucia laziale, 91090 Arezzo (FM)",porro,2021-04-15,jbianco@example.org,+08 8111 4594080,97,84,nisi,aliquam,distinctio,possimus,2025-02-28 13:21:33,2025-02-28 13:21:33
01954cb8-2e2c-72ff-b70e-628a740e6e0f,1,Stella,Vitali,other,1984-11-24,aut,"Strada Erminia 548
Lombardo del friuli, 11360 La Spezia (NU)",deserunt,2017-09-04,marcella.sala@example.org,+57 763 69 89 1784,34,80,quis,consequuntur,qui,expedita,2025-02-28 13:21:33,2025-02-28 13:21:33
01954cb8-2e30-7331-9e14-783316dc8c3f,1,Akira,Ferri,other,2006-10-14,rerum,"Piazza Basile 733
Borgo Zaccaria del friuli, 24350 Udine (IS)",repellat,2024-09-13,jpagano@example.net,+92 71 05854313,93,70,qui,architecto,quis,consequatur,2025-02-28 13:21:33,2025-02-28 13:21:33
01954cb8-2e34-712f-bdcd-f4ac397cc26b,1,Laura,Giordano,male,1943-09-20,ducimus,"Contrada Alighiero 46 Appartamento 76
Gelsomina ligure, 25080 Rimini (FM)",ut,2016-09-12,emanuele.martinelli@example.org,+58 614 12 15 4812,35,16,sed,eaque,neque,minus,2025-02-28 13:21:33,2025-02-28 13:21:33
01954cb8-2e38-7110-9873-44577365367f,1,Artemide,De Santis,male,1998-01-23,adipisci,"Via Fontana 99 Appartamento 35
Egisto ligure, 48442 Catania (PD)",quasi,2021-01-28,lombardi.sabrina@example.net,+39 349 038 438,24,32,magni,officia,qui,aut,2025-02-28 13:21:33,2025-02-28 13:21:33
01954cb8-2e3c-71bc-a460-c8bafd20b380,1,Antonia,Coppola,female,1991-04-11,tempora,"Piazza De luca 80 Appartamento 12
Giuseppe veneto, 81591 Varese (RC)",vero,2024-03-10,bmessina@example.com,091 923 1318,87,11,modi,nulla,consectetur,magni,2025-02-28 13:21:33,2025-02-28 13:21:33
01954cb8-2e40-72b0-a539-ddf3644f63e8,1,Stefano,Palmieri,male,1984-01-17,nulla,"Via Pellegrini 79 Piano 8
Quarto Ivano sardo, 23738 Latina (SU)",quisquam,2018-07-14,xbruno@example.com,+52 4754 8485651,64,12,voluptatibus,ipsam,amet,consequatur,2025-02-28 13:21:33,2025-02-28 13:21:33
01954cb8-2e44-7120-b9ee-e7d049209c95,1,Mauro,Cattaneo,male,1939-10-07,ut,"Rotonda Celeste 3
Sesto Giovanni, 88305 Forlì-Cesena (RG)",temporibus,2021-03-13,morelli.rosita@example.net,+94 416 71879532,34,20,ipsam,consequatur,in,deleniti,2025-02-28 13:21:33,2025-02-28 13:21:33
01954cb8-2e48-70d0-a76a-0a173538a073,1,Rebecca,Lombardi,female,1953-02-08,ab,"Piazza De rosa 5
Quarto Demian a mare, 65045 Asti (SI)",et,2024-05-27,battaglia.pacifico@example.net,+16 306 06 88 0075,36,81,quo,molestiae,inventore,aut,2025-02-28 13:21:33,2025-02-28 13:21:33
01954cb8-2e4c-71bc-ac0e-74af484e8fcd,1,Elda,Ferrara,male,1957-03-08,est,"Piazza Palmieri 124
San Emilio del friuli, 58766 Forlì-Cesena (SA)",ut,2020-10-25,donato.grasso@example.org,+17 29 2771054,4,87,dolorem,harum,et,eveniet,2025-02-28 13:21:33,2025-02-28 13:21:33
01954cb8-2e50-7206-8c7a-609f4df93975,1,Elena,Mazza,female,1925-05-03,nostrum,"Via Battaglia 47
Quarto Abramo veneto, 00071 Cosenza (PN)",iusto,2020-01-30,wbianco@example.com,+93 7347 62350654,83,9,perspiciatis,accusamus,doloribus,ad,2025-02-28 13:21:33,2025-02-28 13:21:33
01954cb8-2e54-7075-bf81-ff446a849019,1,Costanzo,Ferri,male,2004-10-07,laborum,"Rotonda Antimo 7
Ida lido, 26477 Roma (PV)",sit,2017-12-30,mariano.riva@example.com,+39 030 440 511,38,13,illum,odio,nihil,perspiciatis,2025-02-28 13:21:33,2025-02-28 13:21:33
01954cb8-2e58-71af-8da9-8033c575daf9,1,Danuta,Lombardo,female,1969-06-30,est,"Borgo Pablo 162
San Caterina, 97292 Lecce (PT)",mollitia,2020-05-23,eufemia52@example.org,+74 122 12 47 7621,48,46,dolores,sequi,eos,at,2025-02-28 13:21:33,2025-02-28 13:21:33
